{"cameraMode":{"drawMode":0,"name":"Shaded","section":"Shading Mode"},"sceneLighting":false,"audioPlay":false,"sceneViewState":{"m_AlwaysRefresh":false,"showFog":true,"showSkybox":false,"showFlares":true,"showImageEffects":true,"showParticleSystems":true,"showVisualEffectGraphs":true,"m_FxEnabled":true},"in2DMode":false,"pivot":{"x":-4.470348358154297e-8,"y":0.49534106254577639,"z":-5.960464477539063e-8},"rotation":{"x":-0.011823977343738079,"y":-0.9839414954185486,"z":0.07127238810062409,"w":-0.16322636604309083},"size":0.6941111087799072,"orthographic":false}