{"cameraMode":{"drawMode":0,"name":"Shaded","section":"Shading Mode"},"sceneLighting":false,"audioPlay":false,"sceneViewState":{"m_AlwaysRefresh":false,"showFog":true,"showSkybox":false,"showFlares":true,"showImageEffects":true,"showParticleSystems":true,"showVisualEffectGraphs":true,"m_FxEnabled":true},"in2DMode":false,"pivot":{"x":0.08271029591560364,"y":0.4746852219104767,"z":0.40572452545166018},"rotation":{"x":0.006059765815734863,"y":-0.9937759637832642,"z":0.06898839771747589,"w":0.0872848778963089},"size":1.8985717296600342,"orthographic":false}